{
  "_comment": "House Bernard Deployment Configuration — NEVER COMMIT WITH REAL VALUES",
  "_instructions": "Copy to deployment_config.json, fill in values, keep out of git",
  "token": {
    "mint_address": "",
    "network": "mainnet-beta"
  },
  "wallets": {
    "unmined_treasury": {
      "keypair_path": "~/hb-unmined-treasury.json",
      "address": ""
    },
    "crown_reserve": {
      "keypair_path": "~/hb-crown-reserve.json",
      "address": ""
    },
    "genesis_contributors": {
      "keypair_path": "~/hb-genesis-contributors.json",
      "address": ""
    },
    "liquidity_pool": {
      "address": "",
      "platform": "raydium"
    }
  },
  "rpc": {
    "mainnet": "https://api.mainnet-beta.solana.com",
    "devnet": "https://api.devnet.solana.com"
  },
  "crown_contact": {
    "discord_id": "",
    "gmail": ""
  }
}
