{
  "_schema_version": "1.0",
  "_description": "House Bernard Treasury State — Source of truth for all financial obligations",
  "_last_updated": "2026-02-08T00:00:00Z",
  "_signed_by": "crown",

  "emission": {
    "current_epoch": 1,
    "epoch_start": "2026-01-01T00:00:00Z",
    "epochs": [
      { "epoch": 1, "label": "Genesis",  "max_emission": 10000000, "per_contribution_cap": 100000 },
      { "epoch": 2, "label": "Year 2",   "max_emission": 5000000,  "per_contribution_cap": 50000 },
      { "epoch": 3, "label": "Year 3",   "max_emission": 2500000,  "per_contribution_cap": 25000 },
      { "epoch": 4, "label": "Year 4+",  "max_emission": 1250000,  "per_contribution_cap": 12500 }
    ],
    "total_emitted": 0,
    "epoch_emitted": 0,
    "total_burned": 0,
    "total_circulating": 0
  },

  "royalties": [],

  "bonds": [],

  "base_payments": [],

  "burns": []
}
