{
  "hb_state_version": "1.0",
  "project": "House Bernard",
  "public_face": "House Bernard",

  "protocols": {
    "saif": "v1.1",
    "splicer": "v0.2",
    "executioner": "v1.0",
    "airlock": "v1.0",
    "openclaw_agent": "v0.1"
  },

  "labs": {
    "lab_a_memory": {
      "status": "ACTIVE",
      "harness_set": "T1-T6",
      "harness_hash": null
    },
    "lab_b_intent_integrity": {
      "status": "PLANNED",
      "harness_set": "I1-I6",
      "harness_hash": null
    }
  },

  "active_artifacts": {
    "master_genome_hash": null,
    "denylist_hash": null,
    "reputation_db_hash": null,
    "gene_registry_hash": null
  },

  "paths": {
    "repo_root": ".",
    "airlock_dir": "airlock",
    "executioner_dir": "executioner",
    "splicer_dir": "splicer",
    "ledger_dir": "ledger",
    "openclaw_dir": "openclaw",
    "genes_dir": "genes",
    "results_dir": "results",
    "inbox_dir": "inbox",
    "purgatory_dir": "purgatory",
    "quarantine_dir": "quarantine",
    "nullsink_dir": "nullsink"
  },

  "governance": {
    "release_manager": "Father",
    "single_canonical_projects_folder": true,
    "filesystem_is_the_law": true,
    "publish_genetics": false,
    "publish_repair_instructions": false,
    "provide_assistance": false
  },

  "notes": {
    "last_update_reason": "Added openclaw agent spec v0.1",
    "last_update_commit": null
  }
}
