{
  "schema_version": "ISD_STATE_V1",
  "directorate": {
    "director": null,
    "director_appointed": null,
    "director_confirmed_by_judiciary": false,
    "status": "founding_period",
    "agents": []
  },
  "investigations": [],
  "warrants": [],
  "containment_actions": [],
  "threat_referrals_inbound": [],
  "threat_referrals_outbound": [],
  "surfacing_requests": [],
  "intelligence_court": {
    "judges": [],
    "rotation_history": [],
    "citizens_advocate": null,
    "advocate_history": [],
    "pattern_monitor": {
      "warrants_by_threat_category": {},
      "warrants_by_target_branch": {},
      "last_updated": null
    },
    "statistical_record": {
      "applications_received": 0,
      "applications_approved": 0,
      "applications_denied": 0,
      "renewals_granted": 0,
      "warrants_expired": 0,
      "facially_deficient_flags": 0,
      "period_start": null
    },
    "oversight_saturation": false
  },
  "fusion": {
    "coordinator": null,
    "coordinator_term_start": null,
    "coordinator_term_days": 90,
    "pending_referrals": [],
    "joint_threat_briefings": [],
    "quarterly_reviews": []
  },
  "accountability": {
    "monthly_reports": [],
    "quarterly_briefings": [],
    "annual_reports": [],
    "biennial_audits": []
  },
  "pause": false,
  "last_modified": null
}
